actor,movie_or_TV_name
Oliver Ryan,Dune
Oliver Ryan,Bravely Default II
Oliver Ryan,The Pembrokeshire Murders
Oliver Ryan,The Accident
Oliver Ryan,The Last Vermeer
Oliver Ryan,Shakespeare's Globe Theatre: The Winter's Tale
Oliver Ryan,A Hunger Artist
Oliver Ryan,All the Money in the World
Oliver Ryan,Hinterland
Oliver Ryan,Casualty
Oliver Ryan,Stella
Oliver Ryan,Father Brown
Oliver Ryan,Dark Matters: Twisted But True
Oliver Ryan,Midsomer Murders
Oliver Ryan,Doctors
Oliver Ryan,A Harlot's Progress
Oliver Ryan,Give and Take
Oliver Ryan,Group Dynamics
Oliver Ryan,The Blood We Cry
Oliver Ryan,High Hopes
Oliver Ryan,The Bill
Oliver Ryan,Killing Me Softly
Oliver Ryan,A Mind to Kill
Oliver Ryan,The Bench
Oliver Ryan,Holby City
Oliver Ryan,Jack of Hearts
Charlie Rawes,How to Succeed in Biscuits Without Really Trying
Charlie Rawes,The Phantom Warrior
Charlie Rawes,Ted Lasso
Charlie Rawes,Dune
Charlie Rawes,The Liberator
Charlie Rawes,South of the River
Charlie Rawes,Miracle Workers
Charlie Rawes,Kill Ben Lyk
Charlie Rawes,Jurassic World: Fallen Kingdom
Charlie Rawes,Action Team
Charlie Rawes,Hailmakers
Charlie Rawes,Middle-Earth: Shadow of War
Charlie Rawes,King Arthur: Legend of the Sword
Charlie Rawes,Bridget Jones's Baby
Charlie Rawes,Skiptrace
Charlie Rawes,It Never Sleeps
Charlie Rawes,Olive Green
Charlie Rawes,Who Needs Enemies
Charlie Rawes,"Gangsters, Guns & Zombies"
Neil Bell,Moment of Grace
Neil Bell,Dune
Neil Bell,Coronation Street
Neil Bell,Enola Holmes
Neil Bell,Meat
Neil Bell,Love Thy Synth
Neil Bell,Not the PC
Neil Bell,Trucker's Atlas
Neil Bell,Peterloo
Neil Bell,Quadraturin
Neil Bell,Broken
Neil Bell,No Offence
Neil Bell,Charlotte Link - Die letzte Spur
Neil Bell,Moving On
Neil Bell,Cuffs
Neil Bell,Victor Frankenstein
Neil Bell,This Is England '90
Neil Bell,Pan
Neil Bell,Our Zoo
Neil Bell,Doctors
Neil Bell,Peaky Blinders
Neil Bell,Radio Silence
Neil Bell,The Other Child
Neil Bell,World Without End
Neil Bell,Downton Abbey
Neil Bell,True Love
Neil Bell,Secrets and Words
Neil Bell,Hustle
Neil Bell,Powder
Neil Bell,Sirens
Neil Bell,Married Single Other
Neil Bell,Mid Life Christmas
Neil Bell,Emmerdale Farm
Neil Bell,Blue Murder
Neil Bell,Morgan's Organs
Neil Bell,Ruby
Neil Bell,The Crew
Neil Bell,Sunshine
Neil Bell,The Bill
Neil Bell,The Street
Neil Bell,The Visit
Neil Bell,Mechanical Pink
Neil Bell,Dead Clever: The Life and Crimes of Julie Bottomley
Neil Bell,Casualty
Neil Bell,I'm with Stupid
Neil Bell,The Chase
Neil Bell,Ideal
Neil Bell,Eleventh Hour
Neil Bell,The Ghost Squad
Neil Bell,Donovan
Neil Bell,Murphy's Law
Neil Bell,Shameless
Neil Bell,Sex Traffic
Neil Bell,Dead Man's Shoes
Stephen Collins,Dune
Neil Bell,State of Play
Neil Bell,Buried
Neil Bell,The Second Coming
Neil Bell,The Death of Klinghoffer
Neil Bell,Lenny Blue
Neil Bell,The League of Gentlemen
Neil Bell,The Stretford Wives
Neil Bell,"Me, You and the Dead"
Neil Bell,24 Hour Party People
Neil Bell,When I Was 12
Stephen Collins,Sliced
Stephen Collins,Doctors
Stephen Collins,Dawn of the Deaf
Stephen Collins,Nonsense
Stephen Collins,4
Stephen Collins,How to Mug a Deaf Person
Stephen Collins,The Egg Trick
Stephen Collins,Retreat
Stephen Collins,Love's Labour's Lost: Performed in British Sign Language
Stephen Collins,Otherside
Stephen Collins,Deaf Beat
Stephen Collins,The End
Stephen Collins,The Fingerspellers
Timothée Chalamet,Dune: Part Two
Timothée Chalamet,Wonka
Timothée Chalamet,Bones & All
Timothée Chalamet,Don't Look Up
Timothée Chalamet,Dune
Timothée Chalamet,The French Dispatch
Timothée Chalamet,Cadillac: How Do You Drive with Scissorhands?
Timothée Chalamet,Little Women
Timothée Chalamet,The King
Timothée Chalamet,A Rainy Day in New York
Timothée Chalamet,Beautiful Boy
Timothée Chalamet,Great Performers: Horror Show
Richard Carter,Apocalypse Highway
Seun Shote,Dune
Timothée Chalamet,Hostiles
Timothée Chalamet,Lady Bird
Timothée Chalamet,Hot Summer Nights
Timothée Chalamet,Call Me by Your Name
Timothée Chalamet,Miss Stevens
Timothée Chalamet,Love the Coopers
Timothée Chalamet,The Adderall Diaries
Timothée Chalamet,One and Two
Timothée Chalamet,Interstellar
Richard Carter,Dirty Truckers
Richard Carter,Snap
Richard Carter,Shooters Hill
Richard Carter,V vs V
Richard Carter,Shooting Paul
Richard Carter,Dune
Richard Carter,Web Crawler
Richard Carter,The Mad Shagger
Seun Shote,Creeped Out
Seun Shote,Bruno
Seun Shote,Black Mirror
Seun Shote,National Theater Live: Cyrano de Bergerac
Seun Shote,Farming
Seun Shote,Unforgotten
Seun Shote,Father of Man
Seun Shote,Bloke Fears
Seun Shote,Birds of a Feather
Seun Shote,Above
Seun Shote,One Child
Seun Shote,Welcome to the Punch
Timothée Chalamet,Spinners
Timothée Chalamet,Worst Friends
Timothée Chalamet,"Men, Women & Children"
Timothée Chalamet,Trooper
Timothée Chalamet,Homeland
Timothée Chalamet,Royal Pains
Timothée Chalamet,Loving Leah
Timothée Chalamet,Law & Order
Timothée Chalamet,Clown
Richard Carter,Eyes & Ears
Richard Carter,Trick or Treat
Richard Carter,TINA (TwentyEighteen)
Richard Carter,Remember Remember
Richard Carter,The Cross
Richard Carter,Book of Shadows
Richard Carter,Swords of Scavelia
Richard Carter,Roofied
Seun Shote,Silk
Seun Shote,M.I.High
Seun Shote,Little Miss Jocelyn
Seun Shote,Nearly Famous
Seun Shote,Life and Lyrics
Seun Shote,Little Britain
Seun Shote,Hardware
Seun Shote,EastEnders: Pat and Mo
Seun Shote,40
Seun Shote,Coupling
Seun Shote,The Bill
Timothée Chalamet,Sweet Tooth
Richard Carter,An American Exorcism
Richard Carter,Angel of Death
Richard Carter,Gunned Down
Richard Carter,The Prototype
Richard Carter,The Hatton Garden Job
Richard Carter,Snatch
Richard Carter,Essex Heist
Richard Carter,Eliminators
Richard Carter,Shadow
Seun Shote,Common As Muck
Seun Shote,Faith in the Future
Richard Carter,I Am Hooligan
Richard Carter,Whiteblade
Richard Carter,Where the Journey Ends
Richard Carter,Regan
Richard Carter,Londongrad
Golda Rosheuvel,Bridgerton
Golda Rosheuvel,Dune
Golda Rosheuvel,Death in Paradise
Golda Rosheuvel,Old Vic in Camera: A Christmas Carol
Golda Rosheuvel,Unprecedented: Real Time Theatre from a State of Isolation
Golda Rosheuvel,Muse
Golda Rosheuvel,Wonder.land
Golda Rosheuvel,A Confession
Golda Rosheuvel,Silent Witness
Golda Rosheuvel,Lady Macbeth
Golda Rosheuvel,EastEnders
Golda Rosheuvel,I Live with Models
Golda Rosheuvel,I Remember You
Golda Rosheuvel,Playhouse Presents
Golda Rosheuvel,Rev.
Golda Rosheuvel,You'll Regret It
Golda Rosheuvel,Mr. Stink
Golda Rosheuvel,Holby City
Golda Rosheuvel,Threesome
Golda Rosheuvel,Dead Boss
Golda Rosheuvel,Coronation Street
Golda Rosheuvel,Luther
Golda Rosheuvel,Consuming Passion
Golda Rosheuvel,Torchwood
Golda Rosheuvel,On the Other Hand
Golda Rosheuvel,Casualty
Golda Rosheuvel,Coma Girl: The State of Grace
Golda Rosheuvel,The Bill
Golda Rosheuvel,Lava
Golda Rosheuvel,Great Performances
Babs Olusanmokun,Star Trek: Strange New Worlds
Babs Olusanmokun,Dune
Babs Olusanmokun,Wrath of Man
Babs Olusanmokun,The Drowning
Babs Olusanmokun,Too Old to Die Young
Babs Olusanmokun,The Widow
Babs Olusanmokun,Ouros
Babs Olusanmokun,Red Dead Redemption II
Babs Olusanmokun,Sneaky Pete
Babs Olusanmokun,Black Mirror
Babs Olusanmokun,The Defenders
Souad Faress,The Perfect Silence
Babs Olusanmokun,Where Is Kyra?
Babs Olusanmokun,The Night Of
Babs Olusanmokun,Roots
Babs Olusanmokun,The Empty Street
Babs Olusanmokun,Gotham
Babs Olusanmokun,The Blacklist
Babs Olusanmokun,Unforgettable
Babs Olusanmokun,Shelter
Babs Olusanmokun,Listen Up Philip
Souad Faress,Dune
Souad Faress,We Are Lady Parts
Souad Faress,Made in Italy
Souad Faress,The Spy
Souad Faress,Shawafa
Souad Faress,Back to Life
Souad Faress,Porters
Souad Faress,The Therapist
Souad Faress,Only the Lonely
Souad Faress,Doctors
Babs Olusanmokun,Copper
Babs Olusanmokun,Mother of George
Babs Olusanmokun,NYC 22
Babs Olusanmokun,Max Payne 3
Babs Olusanmokun,Blue Bloods
Babs Olusanmokun,Ponies
Babs Olusanmokun,Restless City
Babs Olusanmokun,This Is Poetry
Babs Olusanmokun,Law & Order: Criminal Intent
Souad Faress,Taarof
Souad Faress,Christopher Robin
Souad Faress,Apple Tree House
Souad Faress,Sense8
Souad Faress,Bridget Jones's Baby
Souad Faress,Brief Encounters
Souad Faress,Game of Thrones
Souad Faress,Holby City
Souad Faress,Vera
Babs Olusanmokun,Life on Mars
Babs Olusanmokun,Law & Order: Special Victims Unit
Babs Olusanmokun,Veronica Mars
Babs Olusanmokun,The Unit
Babs Olusanmokun,Indocumentados
Souad Faress,Pat & Cabbage
Souad Faress,The Making of a Lady
Souad Faress,Hunted
Souad Faress,Casualty
Souad Faress,Silent Witness
Souad Faress,The Sarah Jane Adventures
Souad Faress,Law & Order: UK
Souad Faress,Drawn Out
Souad Faress,My Spy Family
Souad Faress,New Street Law
Souad Faress,The Bill
Souad Faress,Tripping Over
Souad Faress,Family Affairs
Souad Faress,Bodies
Souad Faress,No Angels
Souad Faress,My Hero
Souad Faress,The Fever
Souad Faress,Promoted to Glory
Souad Faress,Strange
Souad Faress,Being April
Souad Faress,Trial & Retribution
Souad Faress,Bernard's Watch
Souad Faress,Coronation Street
Souad Faress,Down to Earth
Souad Faress,Supply & Demand
Souad Faress,Such a Long Journey
Souad Faress,Sixth Happiness
Souad Faress,The Accidental Conspiracy
Souad Faress,Bhaji on the Beach
Souad Faress,Prime Suspect 2
Souad Faress,Screen Two
Souad Faress,EastEnders
Souad Faress,Shalom Salaam
Souad Faress,South of the Border
Souad Faress,Elphida
Souad Faress,Inspector Morse
Souad Faress,Albion Market
Souad Faress,My Beautiful Laundrette
Souad Faress,Crown Court
Souad Faress,Watch All Night
Souad Faress,Escape
Souad Faress,Fat
Souad Faress,Play for Today
Souad Faress,Blake's 7
Souad Faress,BBC Play of the Month
Souad Faress,Secret Army
Souad Faress,Two's Company
Souad Faress,"I, Claudius"
Benjamin Clémentine,Dune
Charlotte Rampling,Le Bal des Folles
Charlotte Rampling,Mooring
Charlotte Rampling,Dune
Charlotte Rampling,Juniper
Charlotte Rampling,Benedetta
Charlotte Rampling,Everything Went Fine
Charlotte Rampling,Saint Laurent - Summer of '21
Charlotte Rampling,I Love You Coiffure
Charlotte Rampling,Last Words
Charlotte Rampling,DNA
Charlotte Rampling,Waiting for the Miracle to Come
Charlotte Rampling,The Little Stranger
Charlotte Rampling,Kiss & Tell
Charlotte Rampling,Red Sparrow
Charlotte Rampling,Euphoria
Charlotte Rampling,Hannah
Charlotte Rampling,The Sense of an Ending
Charlotte Rampling,Assassin's Creed
Charlotte Rampling,Sculpt
Charlotte Rampling,Seances
Charlotte Rampling,London Spy
Charlotte Rampling,GivingTales
Charlotte Rampling,Broadchurch
Charlotte Rampling,45 Years
Charlotte Rampling,The Forbidden Room
Charlotte Rampling,Portrait of the Artist
Charlotte Rampling,Dexter
Charlotte Rampling,The Sea
Charlotte Rampling,Young & Beautiful
Charlotte Rampling,Night Train to Lisbon
Charlotte Rampling,Restless
Charlotte Rampling,All About You
Charlotte Rampling,Ghost Recon: Alpha
Charlotte Rampling,Cleanskin
Charlotte Rampling,"I, Anna"
Charlotte Rampling,Sonny
Charlotte Rampling,The Eye of the Storm
Charlotte Rampling,Melancholia
Charlotte Rampling,The Mill and the Cross
Charlotte Rampling,StreetDance: The Moves
Charlotte Rampling,Collection Fred Vargas
Charlotte Rampling,Rio Sex Comedy
Roger Yuan,The Outlaw Johnny Black
Charlotte Rampling,Never Let Me Go
Charlotte Rampling,StreetDance 3D
Charlotte Rampling,Le grand restaurant
Charlotte Rampling,Life During Wartime
Charlotte Rampling,The Invisible Woman
Charlotte Rampling,Boogie Woogie
Charlotte Rampling,Blame It on Mum
Charlotte Rampling,All About Actresses
Charlotte Rampling,Sonnet
Charlotte Rampling,The Duchess
Charlotte Rampling,Babylon A.D.
Charlotte Rampling,Deception
Roger Yuan,Dune
Roger Yuan,The Paper Tigers
Roger Yuan,Mulan
Roger Yuan,John Wick: Chapter 3 - Parabellum
Roger Yuan,Venom
Roger Yuan,Hawaii Five-0
Roger Yuan,Blindsided: The Game
Roger Yuan,NCIS: New Orleans
Roger Yuan,Accident Man
Roger Yuan,Blindsided
Charlotte Rampling,Chaotic Ana
Charlotte Rampling,Angel
Charlotte Rampling,Twice Upon a Time
Charlotte Rampling,Basic Instinct 2
Charlotte Rampling,Heading South
Charlotte Rampling,Lemming
Charlotte Rampling,Charlotte
Charlotte Rampling,The Keys to the House
Charlotte Rampling,Jerusalemski sindrom
Roger Yuan,"Crouching Tiger, Hidden Dragon: Sword of Destiny"
Roger Yuan,Once Upon a Time in Vietnam
Roger Yuan,Skyfall
Roger Yuan,Shanghai Blue
Roger Yuan,CSI: Miami
Roger Yuan,MI-5
Roger Yuan,Black Dynamite
Roger Yuan,CC2C
Roger Yuan,The Fifth Commandment
Roger Yuan,Fifth Street
Charlotte Rampling,Immortal
Charlotte Rampling,The Statement
Charlotte Rampling,Augustus: The First Emperor
Charlotte Rampling,Swimming Pool
Charlotte Rampling,I'll Sleep When I'm Dead
Charlotte Rampling,Summer Things
Charlotte Rampling,Spy Game
Charlotte Rampling,My Uncle Silas
Charlotte Rampling,Superstition
Charlotte Rampling,The Fourth Angel
Charlotte Rampling,Under the Sand
Charlotte Rampling,Aberdeen
Roger Yuan,Syriana
Roger Yuan,Batman Begins
Roger Yuan,Vampires: The Turning
Roger Yuan,Home on the Range
Roger Yuan,Bulletproof Monk
Roger Yuan,Angel
Roger Yuan,Red Skies
Roger Yuan,The Silent Force
Roger Yuan,The District
Charlotte Rampling,Tribute to Alfred Lepetit
Charlotte Rampling,Signs & Wonders
Charlotte Rampling,The Cherry Orchard
Charlotte Rampling,Great Expectations
Charlotte Rampling,The Wings of the Dove
Charlotte Rampling,La dernière fête
Charlotte Rampling,Invasion of Privacy
Charlotte Rampling,Asphalt Tango
Roger Yuan,"Walker, Texas Ranger"
Roger Yuan,Shanghai Noon
Roger Yuan,Nash Bridges
Roger Yuan,Brimstone
Roger Yuan,Lethal Weapon 4
Roger Yuan,Red Corner
Roger Yuan,Spawn
Roger Yuan,Brotherhood
Roger Yuan,Tracey Takes On...
Roger Yuan,True Vengeance
Roger Yuan,Once Upon a Time in China and America
Roger Yuan,Supreme Warrior
Roger Yuan,Double Dragon
Charlotte Rampling,Samson le magnifique
Charlotte Rampling,Radetzkymarsch
Charlotte Rampling,Screen One
Charlotte Rampling,Time Is Money
Charlotte Rampling,Hammers Over the Anvil
Charlotte Rampling,La femme abandonnée
Charlotte Rampling,Rebus
Charlotte Rampling,Paris by Night
Charlotte Rampling,D.O.A.
Charlotte Rampling,Mascara
Roger Yuan,Death Match
Roger Yuan,Renegade
Roger Yuan,Ring of Steel
Roger Yuan,Vanishing Son
Roger Yuan,Shootfighter: Fight to the Death
Roger Yuan,American Streetfighter
Roger Yuan,Rage and Honor
Roger Yuan,Ulterior Motives
Roger Yuan,Showdown in Little Tokyo
Roger Yuan,The Perfect Weapon
Roger Yuan,American Kickboxer
Charlotte Rampling,Angel Heart
Charlotte Rampling,Max My Love
Charlotte Rampling,Tristesse et beauté
Charlotte Rampling,He Died with His Eyes Open
Charlotte Rampling,Long Live Life
Charlotte Rampling,BBC Play of the Month
Charlotte Rampling,The Verdict
Charlotte Rampling,Stardust Memories
Charlotte Rampling,Orca
Charlotte Rampling,The Purple Taxi
Charlotte Rampling,Sherlock Holmes in New York
Charlotte Rampling,Foxtrot
Charlotte Rampling,"Farewell, My Lovely"
Charlotte Rampling,Yuppi du
Charlotte Rampling,The Flesh of the Orchid
Charlotte Rampling,Caravan to Vaccares
Charlotte Rampling,The Night Porter
Charlotte Rampling,Zardoz
Charlotte Rampling,Giordano Bruno
Charlotte Rampling,Full House
Charlotte Rampling,Zinotchka
Charlotte Rampling,Henry VIII and His Six Wives
Charlotte Rampling,Asylum
Charlotte Rampling,Corky
Charlotte Rampling,The Ski Bum
Zendaya,Megalopolis
Charlotte Rampling,'Tis Pity She's a Whore
Charlotte Rampling,Vanishing Point
Charlotte Rampling,The Damned
Charlotte Rampling,Three
Charlotte Rampling,Target: Harry
Charlotte Rampling,Sardinia... Kidnapped
Charlotte Rampling,The Long Duel
Charlotte Rampling,Theatre 625
Charlotte Rampling,The Avengers
Charlotte Rampling,Sir Arthur Conan Doyle
Zendaya,Dune: Part Two
Zendaya,Spider-Man: No Way Home
Zendaya,Dune
Zendaya,Space Jam: A New Legacy
Zendaya,The Bunny & The GOAT - ESPN 30 for 30
Zendaya,Malcolm & Marie
Zendaya,Euphoria
Zendaya,Lancôme: Idôle
Zendaya,Spider-Man: Far from Home
Zendaya,The OA
Zendaya,K.C. Undercover
Zendaya,Smallfoot
Charlotte Rampling,Five More
Charlotte Rampling,Georgy Girl
Charlotte Rampling,Rotten to the Core
Charlotte Rampling,The Knack... and How to Get It
Charlotte Rampling,A Hard Day's Night
Zendaya,Wonderful Life - Around the World
Zendaya,Duck Duck Goose
Zendaya,The Greatest Showman
Zendaya,The Greatest Showman: Come Alive - Live Performance
Zendaya,Zendaya: Rewrite the Stars - Acoustic
Zendaya,Bruno Mars: Versace on the Floor
Zendaya,Spider-Man: Homecoming
Zendaya,Beyoncé: All Night
Zendaya,Zendaya: Neverland
Zendaya,Love Advent
Zendaya,Zendaya: Close Up
Zendaya,Black-ish
Zendaya,Taylor Swift: Bad Blood
Zendaya,Bobby Brackins: My Jam
Zendaya,"MAX, Zendaya, Kina Grannis, & Kurt Schneider: Safe & Sound"
Zendaya,Zapped
Zendaya,Zendaya: Too Much
Zendaya,Max & Zendaya: All of Me
Zendaya,Zendaya: My Baby (Remix)
Zendaya,Zendaya: My Baby
Zendaya,Shake It Up
Zendaya,Zendaya: Replay
István Áldott,Attila - King of kings
István Áldott,Dune
Zendaya,Super Buddies
Zendaya,Bella Thorne & Zendaya: Contagious Love
Zendaya,Trevor Jackson: Like We Grown
Zendaya,Bella Thorne & Zendaya: Fashion Is My Kryptonite
Zendaya,A.N.T. Farm
Zendaya,Zendaya & Bella Thorne: Something to Dance for/TTYLXOX (Mash-Up)
Zendaya,Frenemies
Zendaya,Zendaya: Swag It Out
Zendaya,Pixie Hollow Games
István Áldott,Így vagy tökéletes
István Áldott,Terminator: Dark Fate
István Áldott,Egynyári kaland
István Áldott,Blade Runner 2049
István Áldott,The Man with the Iron Heart
István Áldott,Tyrant
István Áldott,Home Guards
István Áldott,The Last Kingdom
Zendaya,Zendaya: Dig Down Deeper
Zendaya,Good Luck Charlie
Zendaya,Bella Thorne & Zendaya: Watch Me
David Dastmalchian,Girls Will Be Girls 2012
David Dastmalchian,Last Voyage of the Demeter
David Dastmalchian,What If...?
David Dastmalchian,Dune
David Dastmalchian,The Suicide Squad
David Dastmalchian,"Batman: The Long Halloween, Part Two"
David Dastmalchian,"Batman: The Long Halloween, Part One"
David Dastmalchian,The Flash
David Dastmalchian,MacGyver
David Dastmalchian,From Now
David Dastmalchian,Lacrimosa
Dave Bautista,In the Lost Lands
David Dastmalchian,Reprisal
David Dastmalchian,Jay and Silent Bob Reboot
David Dastmalchian,Madness in the Method
David Dastmalchian,Teacher
David Dastmalchian,Neurotica.
David Dastmalchian,Bird Box
David Dastmalchian,All Creatures Here Below
David Dastmalchian,Making Love
David Dastmalchian,A Million Little Pieces
David Dastmalchian,The Domestics
Dave Bautista,Universe's Most Wanted
Dave Bautista,The Guardians of the Galaxy Holiday Special
Dave Bautista,Groove Tails
Dave Bautista,Guardians of the Galaxy Vol. 3
Dave Bautista,Army of the Dead: Lost Vegas
Dave Bautista,Knives Out 2
Dave Bautista,See
Dave Bautista,Dune
Dave Bautista,Army of the Dead
David Dastmalchian,Ant-Man and the Wasp
David Dastmalchian,Relaxer
David Dastmalchian,Galaktikon: Nightmare
David Dastmalchian,Blade Runner 2049
David Dastmalchian,Twin Peaks
David Dastmalchian,Gotham
David Dastmalchian,Be Good
David Dastmalchian,The Belko Experiment
David Dastmalchian,A Quiet Kind of Love
David Dastmalchian,12 Monkeys
David Dastmalchian,Under the Pyramid
David Dastmalchian,Ant-Man
David Dastmalchian,A Killer of Men
David Dastmalchian,Chronic
Dave Bautista,WWE Survivor Series
Dave Bautista,Room 104
Dave Bautista,Home Movie: The Princess Bride
Dave Bautista,My Spy
Dave Bautista,Escape Plan: The Extractors
Dave Bautista,What We Do in the Shadows
Dave Bautista,Avengers: Endgame
Dave Bautista,WrestleMania 35
Dave Bautista,WWE Raw
David Dastmalchian,CSI: Cyber
David Dastmalchian,Intruders
David Dastmalchian,Angry Video Game Nerd: The Movie
David Dastmalchian,Tweet Me in NY
David Dastmalchian,Animals
David Dastmalchian,CSI: Crime Scene Investigation
David Dastmalchian,Almost Human
David Dastmalchian,Sketchy
David Dastmalchian,After Thought
David Dastmalchian,Prisoners
Dave Bautista,Stuber
Dave Bautista,WWE Smackdown!
Dave Bautista,Master Z: The Ip Man Legacy
Dave Bautista,Final Score
Dave Bautista,Escape Plan 2: Hades
Dave Bautista,Hotel Artemis
Dave Bautista,Avengers: Infinity War
Dave Bautista,WWE 2K18
Dave Bautista,Blade Runner 2049
Dave Bautista,2048: Nowhere to Run
Dave Bautista,Guardians of the Galaxy: Inferno
Dave Bautista,Disneyland Resort: Guardians of the Galaxy - Mission Breakout!
Dave Bautista,Guardians of the Galaxy Vol. 2
David Dastmalchian,Heavy
David Dastmalchian,Ray Donovan
David Dastmalchian,The Employer
David Dastmalchian,Saving Lincoln
David Dastmalchian,Cass
David Dastmalchian,Say When
David Dastmalchian,Singled Out
David Dastmalchian,The Assassination of Chicago's Mayor
David Dastmalchian,The Cross
David Dastmalchian,The League
David Dastmalchian,"1,000 Times More Brutal"
David Dastmalchian,Sushi Girl
David Dastmalchian,Love Is an Elevator
Dave Bautista,Bushwick
Dave Bautista,Enter the Warriors Gate
Dave Bautista,The #Hashtagged Show
Dave Bautista,WWE 2K17
Dave Bautista,Kickboxer: Vengeance
Dave Bautista,Marauders
Dave Bautista,The Boss
Dave Bautista,Heist
Dave Bautista,WWE 2K16
Dave Bautista,Spectre
David Dastmalchian,Double Black
David Dastmalchian,Gateway
David Dastmalchian,Virgin Alexander
David Dastmalchian,Keen
David Dastmalchian,Band
David Dastmalchian,Last Seen Wearing
David Dastmalchian,Credits
David Dastmalchian,Head Case
David Dastmalchian,Horsemen
David Dastmalchian,Arc of a Bird
David Dastmalchian,ER
Dave Bautista,TripTank
Dave Bautista,L.A. Slasher
Dave Bautista,WWE 2k15
Dave Bautista,Guardians of the Galaxy
Dave Bautista,WrestleMania XXX
Dave Bautista,WWE 2k14
Dave Bautista,WWE: Triple H - Thy Kingdom Come
Dave Bautista,Riddick
Dave Bautista,The Man with the Iron Fists
Dave Bautista,The Scorpion King 3: Battle for Redemption
Dave Bautista,WWE '12
Laszlo Szilagyi,Dune
Laszlo Szilagyi,Shadow and Bone
David Dastmalchian,The Dark Knight
David Dastmalchian,Early Edition
Peter Sztojanov Jr.,Dune
Peter Sztojanov Jr.,Shadow and Bone
Peter Sztojanov Jr.,Radioactive
Dave Bautista,House of the Rising Sun
Dave Bautista,WWE: Top 50 Superstars of All Time
Dave Bautista,WWE SmackDown vs. RAW 2011
Dave Bautista,Chuck
Dave Bautista,WrestleMania XXVI
Dave Bautista,Wrong Side of Town
Dave Bautista,WWE: Batista - I Walk Alone
Dave Bautista,"My Son, My Son, What Have Ye Done"
Dave Bautista,WWE Live in the UK: April 2009
Dave Bautista,WWE Live in the UK: November 2008
Dave Bautista,WWE SmackDown vs. RAW 2009
Peter Sztojanov Jr.,The King
Peter Sztojanov Jr.,Strike Back
Peter Sztojanov Jr.,Colette
Peter Sztojanov Jr.,The Man with the Iron Heart
Peter Sztojanov Jr.,The Queen of Spain
Peter Sztojanov Jr.,Tyrant
Peter Sztojanov Jr.,Pyogenesis: Lifeless
Dave Bautista,WWE Live in the UK: April 2008
Dave Bautista,WrestleMania XXIV
Dave Bautista,WWE SmackDown vs. RAW 2008
Dave Bautista,WrestleMania 23
Dave Bautista,WWE SmackDown vs. RAW 2007
Dave Bautista,Smallville
Dave Bautista,ECW on Sci-Fi
Dave Bautista,Relative Strangers
Dave Bautista,WWE SmackDown! vs. RAW 2006
Dave Bautista,Summerslam
Dave Bautista,WrestleMania 21
Dave Bautista,WWE Hall of Fame 2005
Dave Bautista,WWE Byte This!
Dave Bautista,WWE Sunday Night Heat
Dave Bautista,WWE SmackDown! vs. RAW
Dave Bautista,WWE SmackDown! Here Comes the Pain
Dave Bautista,WWE Global Warning Tour: Melbourne
Dave Bautista,WWE Velocity
Dave Bautista,OVW: Wrestling's Future Stars
Dave Bautista,OVW: Christmas Chaos
Balázs Megyeri,Attila - King of kings
Balázs Megyeri,VULPES
Balázs Megyeri,Borderlands
Balázs Megyeri,Dune
Balázs Megyeri,Shadow and Bone
Balázs Megyeri,Egyszer volt Budán Bödör Gáspár
Balázs Megyeri,A maradék nyolc
Balázs Megyeri,Midsommar
Balázs Megyeri,Swoon
Balázs Megyeri,Jamestown
Ferenc Iván Szabó,The Survivor
Ferenc Iván Szabó,Mintaapák
Ferenc Iván Szabó,Dune
Ferenc Iván Szabó,SAS: Red Notice
Ferenc Iván Szabó,Outside the Wire
Ferenc Iván Szabó,Dime Quién Soy: Mistress of War
Ferenc Iván Szabó,Barbarians
Ferenc Iván Szabó,The Alienist
Ferenc Iván Szabó,The Witcher
Ferenc Iván Szabó,Treadstone
Ferenc Iván Szabó,Gemini Man
Ferenc Iván Szabó,Radioactive
Duncan Pow,Halo
Károly Baksai,129
Károly Baksai,Dune
Duncan Pow,A Beautiful Lie
Duncan Pow,La Fortuna
Duncan Pow,Dune
Duncan Pow,The Salisbury Poisonings
Duncan Pow,Traces
Duncan Pow,The Last Czars
Duncan Pow,The Rook
Duncan Pow,Flowers
Duncan Pow,Silent Witness
Duncan Pow,Trust Me
Károly Baksai,Mintaapák
Károly Baksai,SAS: Red Notice
Károly Baksai,The Teacher
Károly Baksai,Jófiúk
Károly Baksai,Terminator: Dark Fate
Károly Baksai,Valan: Valley of Angels
Károly Baksai,X - The eXploited
Károly Baksai,The Spy Who Dumped Me
Károly Baksai,The Alienist
Károly Baksai,Genezis
Károly Baksai,A mi kis falunk
Duncan Pow,Henry IX
Duncan Pow,Playground
Duncan Pow,Obsession: Dark Desires
Duncan Pow,Rogue One: A Star Wars Story
Duncan Pow,Suspicion
Duncan Pow,Black Mirror
Duncan Pow,Brief Encounters
Duncan Pow,Dark Signal
Károly Baksai,Jupiter's Moon
Károly Baksai,Munkaügyek
Károly Baksai,Légmell
Károly Baksai,47 Ronin
Duncan Pow,The Night Manager
Duncan Pow,The Chameleon
Duncan Pow,Unforgotten
Duncan Pow,Humans
Duncan Pow,The Journey
Duncan Pow,Lovesick
Duncan Pow,Blackwood
Duncan Pow,Tinderbox
Duncan Pow,24
Duncan Pow,Law & Order: UK
Duncan Pow,Doctors
Duncan Pow,Waterloo Road
Duncan Pow,The Wrong Mans
Duncan Pow,Green
Duncan Pow,Here's to Big Bear
Duncan Pow,I Shouldn't Be Alive
Duncan Pow,We Happy Few
Duncan Pow,Holby City
Duncan Pow,Tomorrow
Duncan Pow,Dream Team
Duncan Pow,Psycho
Björn Freiberg,The Unbearable Weight of Massive Talent
Björn Freiberg,The Billion Dollar Code
Björn Freiberg,The Survivor
Björn Freiberg,My Best Friend Anne Frank
Björn Freiberg,Dune
Björn Freiberg,Terra X - Rätsel alter Weltkulturen
Björn Freiberg,Dime Quién Soy: Mistress of War
Björn Freiberg,Turbulent Skies
Björn Freiberg,Post Mortem
Björn Freiberg,Land of the brave
Björn Freiberg,Neither with You
Björn Freiberg,Terminator: Dark Fate
Björn Freiberg,Paradise War: The Story of Bruno Manser
Björn Freiberg,Gemini Man
Björn Freiberg,The Rookies
Björn Freiberg,What Might Have Been
Björn Freiberg,A La Carte
Björn Freiberg,Hidden: Förstfödd
Björn Freiberg,Aranyélet
Björn Freiberg,Golden Job
Björn Freiberg,Sunset
Björn Freiberg,Curtiz
Björn Freiberg,Ransom
Björn Freiberg,The Alienist
Björn Freiberg,The Whiskey Bandit
Björn Freiberg,2048: Nowhere to Run
Björn Freiberg,Esti Tánc
Björn Freiberg,Pappa pia
Björn Freiberg,Jab Harry Met Sejal
Björn Freiberg,The Man with the Iron Heart
Björn Freiberg,The Last Kingdom
Björn Freiberg,Zenith: Supercharged Family
Björn Freiberg,Maigret
Björn Freiberg,Casper and Emma Go Hiking
Björn Freiberg,X Company
Björn Freiberg,Maximilian
Björn Freiberg,Szürke senkik
Björn Freiberg,Force 2
Björn Freiberg,#Sohavégetnemérös
Björn Freiberg,Inferno
Björn Freiberg,The First Time I Saw Francis Taylor He Was in Slow Motion
Björn Freiberg,On Fallen Wings
Gianni Calchetti,Soul of Sin City
Björn Freiberg,Sultan
Björn Freiberg,That Trip We Took with Dad
Björn Freiberg,The White King
Björn Freiberg,Mai Mese
Björn Freiberg,Kills On Wheels
Björn Freiberg,The Citizen
Björn Freiberg,The Martian
Björn Freiberg,Tyrant
Björn Freiberg,Son of Saul
Gianni Calchetti,Inside Man
Gianni Calchetti,Call My Agent (UK)
Gianni Calchetti,The Last of Us
Gianni Calchetti,Citadel
Gianni Calchetti,Living
Gianni Calchetti,Landscapers
Gianni Calchetti,The Sandman
Gianni Calchetti,House of Gucci
Gianni Calchetti,Never Back Down: Revolt
Gianni Calchetti,The Crown
Gianni Calchetti,Chivalry
Gianni Calchetti,The Witcher
Gianni Calchetti,Eternals
Gianni Calchetti,No Time to Die
Gianni Calchetti,The Many Saints of Newark
Gianni Calchetti,Cry Macho
Gianni Calchetti,Endeavour
Gianni Calchetti,Copshop
Gianni Calchetti,Holby City
Gianni Calchetti,Dune
Gianni Calchetti,Britannia
Gianni Calchetti,Shang-Chi and the Legend of the Ten Rings
Gianni Calchetti,Chinese Doctors
Gianni Calchetti,Hitman's Wife's Bodyguard
Gianni Calchetti,Anne Boleyn
Gianni Calchetti,F9: The Fast Saga
Gianni Calchetti,Cruella
Gianni Calchetti,"Hi, Mom"
Gianni Calchetti,Tom and Jerry
Gianni Calchetti,Righteous Villains
Gianni Calchetti,Roadkill
Gianni Calchetti,The Third Day
Gianni Calchetti,Enola Holmes
Gianni Calchetti,Cursed
Gianni Calchetti,Brassic
Gianni Calchetti,Killing Eve
Gianni Calchetti,The Windsors
Gianni Calchetti,Devs
Gianni Calchetti,Avenue 5
Gianni Calchetti,The Aeronauts
Gianni Calchetti,Horrible Histories: The Movie - Rotten Romans
Gianni Calchetti,Harlots
Gianni Calchetti,Spider-Man: Far from Home
Gianni Calchetti,EastEnders
Gianni Calchetti,John Lewis & Partners: The Boy and the Piano
Michael Nardone,Elusive
Michael Nardone,Tell No Tales
Michael Nardone,Traces
Michael Nardone,Dune
Michael Nardone,Dinosaur
Michael Nardone,Midsomer Murders
Michael Nardone,Kindred
Michael Nardone,The English Game
Michael Nardone,Guilt
Michael Nardone,Care
Michael Nardone,Discovery Tour by Assassin's Creed: Ancient Egypt
Michael Nardone,Assassin's Creed: Origins
Michael Nardone,Rellik
Michael Nardone,Will
Michael Nardone,Tulip Fever
Michael Nardone,In Plain Sight
Michael Nardone,Rogue One: A Star Wars Story
Michael Nardone,The Prince of Denmark
Michael Nardone,Barbarians Rising
Michael Nardone,Whisky Galore
Michael Nardone,The Night Manager
Michael Nardone,This Is England '90
Michael Nardone,Child 44
Michael Nardone,5 Aside
Michael Nardone,King Lear
Michael Nardone,Shetland
Michael Nardone,The Crimson Field
Michael Nardone,Line of Duty
Michael Nardone,Dracula
Michael Nardone,Wayland's Song
Michael Nardone,The Field of Blood
Michael Nardone,The Bible
Michael Nardone,Jo
Michael Nardone,Privates
Michael Nardone,The Somnambulists
Michael Nardone,Intruders
Michael Nardone,Mercenaries
Michael Nardone,Doctors
Michael Nardone,Durham County
Michael Nardone,Combat Kids
Michael Nardone,Borgen
Michael Nardone,Taggart
Michael Nardone,Ben Hur
Michael Nardone,Jinx
Michael Nardone,Merlin
Michael Nardone,The Bill
Michael Nardone,Trial & Retribution
Michael Nardone,Skins
Michael Nardone,Rome
Michael Nardone,Low Winter Sun
Michael Nardone,Steel River Blues
Michael Nardone,"Gunpowder, Treason & Plot"
Michael Nardone,Ultimate Force
Michael Nardone,Rockface
Michael Nardone,Holby City
Michael Nardone,Dot the I
Michael Nardone,Silent Witness
Michael Nardone,Rose and Maloney
Michael Nardone,Rebus
Michael Nardone,The Miracle Maker
Michael Nardone,Nature Boy
Michael Nardone,The Creatives
Michael Nardone,The Match
Michael Nardone,Life Support
Michael Nardone,Casualty
Michael Nardone,Wycliffe
Michael Nardone,The Soldier's Leap
Michael Nardone,Looking After Jo Jo
Michael Nardone,Forbidden Territory: Stanley's Search for Livingstone
Michael Nardone,Ruth Rendell Mysteries
Michael Nardone,Doctor Finlay
Michael Nardone,Being Human
Michael Nardone,Soft Top Hard Shoulder
Michael Nardone,High Road
Michael Nardone,Conquest of the South Pole
Milena Sidorova,Dune
Ellen Dubin,Cobweb
Ellen Dubin,The Time is Right
Ellen Dubin,Elinor Wonders Why
Ellen Dubin,Blood and Water
Ellen Dubin,Dune
Ellen Dubin,Boundless
Ellen Dubin,Together Together
Ellen Dubin,Disgaea 6: Defiance of Destiny
Ellen Dubin,Wasteland 3
Ellen Dubin,The Crimes That Bind
Ellen Dubin,Solve: The Podcast
Ellen Dubin,New Year's Kiss
Ellen Dubin,The Bonfire of Destiny
Ellen Dubin,Midway
Ellen Dubin,Mary Kills People
Ellen Dubin,Star Wars Resistance
Ellen Dubin,Illegal
Ellen Dubin,Lego Star Wars: All-Stars
Ellen Dubin,Starlink: Battle for Atlas
Ellen Dubin,American Nightmare
Ellen Dubin,Frequency Missing
Ellen Dubin,Bless Online
Ellen Dubin,Nelo
Ellen Dubin,Lego: City
Ellen Dubin,Adam Ruins Everything
Ellen Dubin,Agents of Mayhem
Ellen Dubin,The Young and the Restless
Ellen Dubin,Nobility
Ellen Dubin,The Elder Scrolls Online: Morrowind
Ellen Dubin,Stephanie
Ellen Dubin,My Roommate's an Escort
Ellen Dubin,Murdoch Mysteries
Ellen Dubin,The Thundermans
Ellen Dubin,The Red Maple Leaf
Ellen Dubin,Bizaardvark
Ellen Dubin,Tenebrae: Twilight of the Gods - Opening Cinematic
Ellen Dubin,Girl Knight
Ellen Dubin,LEGO Star Wars: The Resistance Rises
Ellen Dubin,Suspense
Ellen Dubin,Eternal
Ellen Dubin,Skyforge
Ellen Dubin,Fallout 4
Ellen Dubin,Sicilian Vampire
Joelle,Dune
Joelle,Big in L.A.
Ellen Dubin,Star Wars: Uprising
Ellen Dubin,La Trattoria Sitcom
Ellen Dubin,No Deposit
Ellen Dubin,Backlash
Ellen Dubin,The Big Fat Stone
Ellen Dubin,Kaiju Fury!
Ellen Dubin,World of Warcraft: Warlords of Draenor
Ellen Dubin,Defense Grid 2
Ellen Dubin,Wasteland 2
János Timkó,Dune
János Timkó,Jófiúk
Ellen Dubin,Murdered: Soul Suspect
Ellen Dubin,The Elder Scrolls Online
Ellen Dubin,Jimmy Kimmel Live!
Ellen Dubin,Real Gangsters
Ellen Dubin,Hit It
Ellen Dubin,Saving Lincoln
Ellen Dubin,Clean Teeth Wednesdays
Ellen Dubin,Dead Before Dawn 3D
Ellen Dubin,Guild Wars 2
János Timkó,Drága örökösök
János Timkó,Jóban rosszban
János Timkó,Loop
János Timkó,Outrageus Office
János Timkó,Zsaruvér és csigavér 3: A szerencse fia
János Timkó,In the Line of Fire
János Timkó,An Old-Fashioned Story
János Timkó,A herceg haladéka
Ellen Dubin,The Listener
Ellen Dubin,A Turtle's Tale 2: Sammy's Escape from Paradise
Ellen Dubin,The Elder Scrolls V: Skyrim
Ellen Dubin,The Ron James Show
Ellen Dubin,The Resolve
Ellen Dubin,When Love Is Not Enough: The Lois Wilson Story
Ellen Dubin,Second Chances
Ellen Dubin,Lost and Found
Ellen Dubin,Bull
Ellen Dubin,A Teacher's Crime
Ellen Dubin,Out Any Window
Ellen Dubin,Blood Ties
Ellen Dubin,Abducted: Fugitive for Love
Ellen Dubin,Hank William's First Nation
Ellen Dubin,The Wives He Forgot
Ellen Dubin,The Jane Show
Ellen Dubin,Murder in My House
Ellen Dubin,The Collector
Ellen Dubin,Swarmed
Ellen Dubin,The Dead Zone
Ellen Dubin,Puppets Who Kill
Ellen Dubin,Young Blades
Ellen Dubin,Lies and Deception
Ellen Dubin,World of Warcraft
Ellen Dubin,The Murdoch Mysteries
Ellen Dubin,Mutant X
Ellen Dubin,Napoleon Dynamite
Ellen Dubin,Strange Days at Blake Holsey High
Ellen Dubin,Lightning: Bolts of Destruction
Ellen Dubin,Starhunter
Ellen Dubin,A Wrinkle in Time
Ellen Dubin,Adventure Inc.
Ellen Dubin,Tunnel
Ellen Dubin,Wildfire 7
Ellen Dubin,All Around the Town
Ellen Dubin,Lexx
Ellen Dubin,Tracker
Ellen Dubin,RoboCop: Prime Directives
Ellen Dubin,Relic Hunter
Ellen Dubin,Queen of Swords
Ellen Dubin,Alone with a Stranger
Ellen Dubin,Best Actress
Ellen Dubin,Earth: Final Conflict
Ellen Dubin,The New Addams Family
Ellen Dubin,Killer Deal
Ellen Dubin,Highlander: The Raven
Ellen Dubin,Pacific Blue
Ellen Dubin,First Wave
Ellen Dubin,Sealed with a Kiss
Ellen Dubin,Balls Up
Ellen Dubin,Never Too Late
Ellen Dubin,Due South
Ellen Dubin,Gone in the Night
Ellen Dubin,Meeting the Crisis
Ellen Dubin,Forever Knight
Ellen Dubin,Sailor Moon
Ellen Dubin,The Donor
Ellen Dubin,Deadly Whispers
Ellen Dubin,Women of the House
Ellen Dubin,Scanner Cop II
Ellen Dubin,Tammy and the T-Rex
Ellen Dubin,E.N.G.
Ellen Dubin,Secret Service
Ellen Dubin,Shameful Secrets
Ellen Dubin,Cold Sweat
Ellen Dubin,Survive the Night
Ellen Dubin,Baby on Board
Ellen Dubin,Counterstrike
Ellen Dubin,In the Deep Woods
Ellen Dubin,False Arrest
Ellen Dubin,The Big Slice
Ellen Dubin,"Abraxas, Guardian of the Universe"
Ellen Dubin,Personals
Ellen Dubin,Lantern Hill
Ellen Dubin,Check It Out
Jimmy Walker,The Girl Before
Jimmy Walker,The Devil's Hour
Jimmy Walker,Slow Horses
Jimmy Walker,Dune
Jimmy Walker,The Spanish Princess
Jimmy Walker,This Country
Jimmy Walker,Chernobyl
Jimmy Walker,Save Me
Jimmy Walker,The Hurricane Heist
Jimmy Walker,Endeavour
Jimmy Walker,Call the Midwife
Paul Bullion,All the Imagined Echoes
Paul Bullion,The Witcher
Paul Bullion,Dune
Paul Bullion,Damned
Paul Bullion,Agatha Raisin
Paul Bullion,Oscar's Bell
Paul Bullion,Patrick Melrose
Paul Bullion,Crossed
Paul Bullion,SS-GB
Paul Bullion,Deus Ex Machina
Dora Kápolnai-Schvab,Dune
Paul Bullion,The Bastard Executioner
Paul Bullion,National Theatre Live: Everyman
Paul Bullion,Pleasure Island
Paul Bullion,Hetty Feather
Paul Bullion,Peaky Blinders
Paul Bullion,Dracula Untold
Paul Bullion,Hal
Paul Bullion,Jamaica Inn
Paul Bullion,Hello Carter
Paul Bullion,Endeavour
Paul Bullion,A Breath in the Wind
Jean Gilpin,Dune
Jean Gilpin,Final Fantasy VII Remake
Jean Gilpin,Missing Link
Jean Gilpin,Dragons: Race to the Edge
Jean Gilpin,Magik Randy
Jean Gilpin,Master of Orion: Conquer the Stars
Jean Gilpin,Dying Light: The Following - Enhanced Edition
Jean Gilpin,The House Guest
Jean Gilpin,Halo 5: Guardians
Jean Gilpin,King's Quest
Jean Gilpin,Postman Pat: The Movie
Jean Gilpin,The Fault in Our Stars
Jean Gilpin,Frozen
Jean Gilpin,Dead Island Riptide
Jean Gilpin,Final Fantasy XIV: A Realm Reborn
Jean Gilpin,Dragon's Dogma
Jean Gilpin,Kinect Star Wars
Jean Gilpin,The Elder Scrolls V: Skyrim
Jean Gilpin,Fatboy
Jean Gilpin,Rio
Jean Gilpin,Dragon Age II
Jean Gilpin,The Mischievous Case of Cordelia Botkin
Jean Gilpin,Final Fantasy XIV
Jean Gilpin,Legendary
Jean Gilpin,Nuclear Hurricane
Jean Gilpin,Eragon
Jean Gilpin,A Good Year
Jean Gilpin,Garfield: A Tail of Two Kitties
Jean Gilpin,Lincoln's Eyes
Jean Gilpin,Atlantis: Milo's Return
Jean Gilpin,007: Nightfire
Jean Gilpin,Age of Mythology
Jean Gilpin,Neverwinter Nights
Jean Gilpin,Max Steel
Jean Gilpin,That Marino Thing
Jean Gilpin,Quest for Camelot
Jean Gilpin,First Strike
Jean Gilpin,A Goofy Movie
Jean Gilpin,3x3 Eyes
Jean Gilpin,Operation Condor
Jean Gilpin,Gor II
Jean Gilpin,Police Story
Jean Gilpin,Nausicaä of the Valley of the Wind
Jean Gilpin,Quincy M.E.
Jean Gilpin,The Scarlett O'Hara War
Jean Gilpin,The Bitch
Jean Gilpin,The Omega Factor
Jean Gilpin,The World Is Full of Married Men
Jean Gilpin,BBC2 Play of the Week
Jean Gilpin,The Professionals
Jean Gilpin,Tycoon
Jean Gilpin,Premiere
Jean Gilpin,Come Back Mrs. Noah
Jean Gilpin,Dad's Army
Jean Gilpin,Z Cars
Jean Gilpin,Survivors
Jean Gilpin,Angels
Jean Gilpin,Softly Softly: Task Force
Jean Gilpin,The Bawdy Adventures of Tom Jones
Jean Gilpin,Whose Child Am I?
Jean Gilpin,The Stud
Jean Gilpin,Wessex Tales
Jean Gilpin,Stage 2
Jean Gilpin,Catch Me a Spy
Marianne Faithfull,Dune
Marianne Faithfull,The Girl from Nagasaki
Marianne Faithfull,Belle Du Seigneur
Marianne Faithfull,Faces in the Crowd
Marianne Faithfull,FM
Marianne Faithfull,Irina Palm
Marianne Faithfull,Marie Antoinette
Marianne Faithfull,"Paris, je t'aime"
Marianne Faithfull,Nord-Plage
Marianne Faithfull,Absolutely Fabulous
Marianne Faithfull,Far from China
Marianne Faithfull,Intimacy
Marianne Faithfull,Metallica: The Memory Remains
Marianne Faithfull,Crimetime
Marianne Faithfull,Moondance
Marianne Faithfull,Shopping
Marianne Faithfull,When Pigs Fly
Marianne Faithfull,The Turn of the Screw
Marianne Faithfull,Screen Two
Marianne Faithfull,Marianne Faithfull: Broken English
Marianne Faithfull,Marianne Faithfull: Witches' Song
Marianne Faithfull,Marianne Faithfull: The Ballad of Lucy Jordan
Marianne Faithfull,So It Goes
Marianne Faithfull,Assault on Agathon
Marianne Faithfull,Ghost Story
Marianne Faithfull,Lucifer Rising
Marianne Faithfull,Aquarius
Marianne Faithfull,The Stronger
Marianne Faithfull,Thirty-Minute Theatre
Marianne Faithfull,Somerset Maugham Theatre
Marianne Faithfull,W. Somerset Maugham
Marianne Faithfull,Heads
Marianne Faithfull,Hamlet
Marianne Faithfull,The Girl on a Motorcycle
Marianne Faithfull,I'll Never Forget What's'isname
Marianne Faithfull,The Rolling Stones: We Love You
Marianne Faithfull,The Beatles: All You Need Is Love
Marianne Faithfull,Anna
Marianne Faithfull,Bande-annonce De 'Made in U.S.A.'
Marianne Faithfull,Made in U.S.A
Marianne Faithfull,Z2 operazione Circeo
Marianne Faithfull,Zomercarrousel
Gloria Obianyo,Dune
Gloria Obianyo,Feel Good
Gloria Obianyo,Good Omens
Gloria Obianyo,National Theatre Live: Antony & Cleopatra
Gloria Obianyo,High Life
Gloria Obianyo,The Grinning Man
Fehinti Balogun,The Gallery
Fehinti Balogun,Can I Live?
Fehinti Balogun,Walden
Fehinti Balogun,Dune
Fehinti Balogun,Viewpoint
Fehinti Balogun,I May Destroy You
Fehinti Balogun,O Holy Ghost
Fehinti Balogun,Urban Myths
Fehinti Balogun,Informer
Fehinti Balogun,The Importance of Being Earnest
Fehinti Balogun,"Juliet, Naked"
Chen Chang,Li Wo Yuan Yi Dian
Fehinti Balogun,Wilton
Chen Chang,Dune
Chen Chang,A Garden of Camellias
Chen Chang,The Soul
Chen Chang,Chen Xi yuan
Chen Chang,Savage
Chen Chang,Forever Young
Chen Chang,Brotherhood of Blades 2
Chen Chang,Mr. Long
Chen Chang,Monk Comes Down the Mountain
Chen Chang,The Assassin
Chen Chang,Helios
Chen Chang,Brotherhood of Blades
Chen Chang,Christmas Rose
Chen Chang,The Grandmaster
Chen Chang,The Last Supper
Chen Chang,Passion Island
Chen Chang,Déjà Vu
Chen Chang,When Yesterday Comes
Chen Chang,Healing
Chen Chang,The Blue Cornflower
Chen Chang,Here Comes Fortune
Chen Chang,Red Cliff II
Chen Chang,Red Cliff
Chen Chang,Missing
Chen Chang,Parking
Chen Chang,Into the Faraway Sky
Chen Chang,Blood Brothers
Chen Chang,Breath
Chen Chang,The Go Master
Chen Chang,Silk
Chen Chang,Three Times
Chen Chang,Eros
Chen Chang,2046
Chen Chang,Sound of Colors
Chen Chang,La rencontre
Chen Chang,Six Days
Chen Chang,Chinese Odyssey 2002
Chen Chang,Betelnut Beauty
Chen Chang,Flyin' Dance
Chen Chang,"Crouching Tiger, Hidden Dragon"
Chen Chang,Happy Together
Chen Chang,Mahjong
Chen Chang,A Brighter Summer Day
Elmi Rashid Elmi,The Swimmers
Elmi Rashid Elmi,Dune
Elmi Rashid Elmi,Trying
Tachia Newall,Dune
Tachia Newall,Dirty God
Tachia Newall,Age Before Beauty
Tachia Newall,Silent Witness
Tachia Newall,Armchair Detectives
Tachia Newall,From Darkness
Tachia Newall,Vera
Tachia Newall,Hamlet
Tachia Newall,Scott & Bailey
Tachia Newall,Casualty
Tachia Newall,Waterloo Road
Tachia Newall,Coronation Street
Tachia Newall,Young Dracula
Tachia Newall,Waterloo Road Reunited
Tachia Newall,Moving On
Tachia Newall,Doctors
Ben Dilloway,Masters of the Air
Ben Dilloway,Dune
Ben Dilloway,EastEnders
Ben Dilloway,School's Out Forever
Ben Dilloway,Troy: A Total War Saga
Ben Dilloway,The Mallorca Files
Ben Dilloway,Rare Beasts
Ben Dilloway,The Spanish Princess
Ben Dilloway,Wanderlust
Ben Dilloway,No.22
Ben Dilloway,New Blood
Ben Dilloway,Hitman
Ben Dilloway,Critical
Ben Dilloway,V.P.
Ben Dilloway,Kingsman: The Secret Service
Ben Dilloway,"Gently, Gently"
Ben Dilloway,Bypass
Ben Dilloway,Two Missing
Ben Dilloway,Silk
Ben Dilloway,Years & Years: Real
Ben Dilloway,Lucan
Ben Dilloway,The Archers
Ben Dilloway,Jess//Jim
Ben Dilloway,Hold on Me
Javier Bardem,Bride of Frankenstein
Javier Bardem,"Lyle, Lyle, Crocodile"
Javier Bardem,The Little Mermaid
Javier Bardem,Being the Ricardos
Javier Bardem,The Good Boss
Javier Bardem,Dune
Javier Bardem,Home Movie: The Princess Bride
Javier Bardem,The Roads Not Taken
Javier Bardem,El Hormiguero: Vacaciones en el Titanic
Javier Bardem,Asesinato en el Hormiguero Express
Javier Bardem,Everybody Knows
Javier Bardem,Thy Kingdom Come
Javier Bardem,Loving Pablo
Javier Bardem,Mother!
Javier Bardem,Pirates of the Caribbean: Dead Men Tell No Tales
Javier Bardem,The Last Face
Javier Bardem,The Gunman
Javier Bardem,Automata
Javier Bardem,The Counselor
Javier Bardem,L'Agent
Javier Bardem,Scorpion in Love
Javier Bardem,Sherman and Pacifico
Javier Bardem,Skyfall
Javier Bardem,To the Wonder
Javier Bardem,Eat Pray Love
Javier Bardem,Biutiful
Javier Bardem,Vicky Cristina Barcelona
Javier Bardem,Love in the Time of Cholera
Javier Bardem,No Country for Old Men
Javier Bardem,Goya's Ghosts
Javier Bardem,The Sea Inside
Javier Bardem,Collateral
Javier Bardem,Mondays in the Sun
Javier Bardem,The Dancer Upstairs
Javier Bardem,No News from God
Javier Bardem,Before Night Falls
Javier Bardem,Second Skin
Javier Bardem,Los lobos de Washington
Javier Bardem,Between Your Legs
Javier Bardem,"Torrente, el brazo tonto de la ley"
Javier Bardem,Live Flesh
Javier Bardem,Perdita Durango
Javier Bardem,Airbag
Javier Bardem,Nova ficció
Javier Bardem,Love Can Seriously Damage Your Health
Javier Bardem,"Not Love, Just Frenzy"
Javier Bardem,Mambrú
Javier Bardem,Éxtasis
Javier Bardem,La madre
Javier Bardem,Mouth to Mouth
Javier Bardem,Pronòstic reservat
Javier Bardem,El detective y la muerte
Javier Bardem,Numbered Days
Javier Bardem,The Tit and the Moon
Javier Bardem,Golden Balls
Javier Bardem,Huidos
Javier Bardem,El amante bilingüe
Javier Bardem,Crónicas del mal
Javier Bardem,"Jamón, Jamón"
Javier Bardem,Tango
Javier Bardem,Amo tu cama rica
Josh Brolin,The Untitled Josh Brolin Project
Javier Bardem,Brain
Javier Bardem,High Heels
Javier Bardem,El C.I.D.
Javier Bardem,Supercan y su banda
Javier Bardem,The Ages of Lulu
Javier Bardem,Brigada central
Javier Bardem,Segunda enseñanza
Javier Bardem,El poderoso influjo de la luna
Javier Bardem,El pícaro
Josh Brolin,Brothers
Josh Brolin,Outer Range
Josh Brolin,Dune
Josh Brolin,What If...?
Josh Brolin,Flag Day
Josh Brolin,Avengers: Endgame
Josh Brolin,Asesinato en el Hormiguero Express
Josh Brolin,Sicario: Day of the Soldado
Josh Brolin,Deadpool 2
Josh Brolin,Avengers: Infinity War
Josh Brolin,The Legacy of a Whitetail Deer Hunter
Josh Brolin,Only the Brave
Josh Brolin,"Hail, Caesar!"
Josh Brolin,Everest
Josh Brolin,Sicario
Josh Brolin,Avengers: Age of Ultron
Josh Brolin,Inherent Vice
Josh Brolin,Sin City: A Dame to Kill For
Josh Brolin,Guardians of the Galaxy
Josh Brolin,Oldboy
Sharon Duncan-Brewster,Enola Holmes 2
Josh Brolin,Labor Day
Josh Brolin,Gangster Squad
Josh Brolin,Men in Black 3
Josh Brolin,Jimmy Kimmel Live!
Josh Brolin,True Grit
Josh Brolin,Jonah Hex: Behind the Scenes ~ B-Roll 2
Josh Brolin,Jonah Hex
Josh Brolin,You Will Meet a Tall Dark Stranger
Josh Brolin,Wall Street: Money Never Sleeps
Josh Brolin,Women in Trouble
Sharon Duncan-Brewster,The Swarm
Sharon Duncan-Brewster,RESET THE STAGE
Sharon Duncan-Brewster,Dune
Sharon Duncan-Brewster,Intergalactic
Sharon Duncan-Brewster,Sex Education
Sharon Duncan-Brewster,Snowflakes
Sharon Duncan-Brewster,Years and Years
Sharon Duncan-Brewster,Alien: Containment
Josh Brolin,Milk
Josh Brolin,W.
Josh Brolin,American Gangster
Josh Brolin,In the Valley of Elah
Josh Brolin,To Each His Own Cinema
Josh Brolin,World Cinema
Josh Brolin,No Country for Old Men
Josh Brolin,Planet Terror
Josh Brolin,Grindhouse
Josh Brolin,The Dead Girl
Josh Brolin,Murder Book
Sharon Duncan-Brewster,The Long Song
Sharon Duncan-Brewster,FIFA 19
Sharon Duncan-Brewster,The Boy with the Topknot
Sharon Duncan-Brewster,Mockingbird
Sharon Duncan-Brewster,FIFA 18
Sharon Duncan-Brewster,Rogue One: A Star Wars Story
Sharon Duncan-Brewster,FIFA 17
Sharon Duncan-Brewster,Class 15
Sharon Duncan-Brewster,Cuffs
Sharon Duncan-Brewster,Unforgotten
Sharon Duncan-Brewster,Rastamouse
Sharon Duncan-Brewster,Cucumber
Josh Brolin,Into the Blue
Josh Brolin,Into the West
Josh Brolin,Melinda and Melinda
Josh Brolin,Mister Sterling
Josh Brolin,"Milwaukee, Minnesota"
Josh Brolin,Coastlines
Josh Brolin,D.C. Smalls
Josh Brolin,Slow Burn
Josh Brolin,Hollow Man
Josh Brolin,Picnic
Josh Brolin,All the Rage
Josh Brolin,Best Laid Plans
Sharon Duncan-Brewster,The Mimic
Sharon Duncan-Brewster,Top Boy
Sharon Duncan-Brewster,The Bible
Sharon Duncan-Brewster,A Blues for Nia
Sharon Duncan-Brewster,Blooded
Sharon Duncan-Brewster,Holby City
Sharon Duncan-Brewster,Doctor Who
Sharon Duncan-Brewster,EastEnders
Sharon Duncan-Brewster,A Deal Is a Deal
Josh Brolin,The Mod Squad
Josh Brolin,My Brother's War
Josh Brolin,Mimic
Josh Brolin,Nightwatch
Josh Brolin,Gang in Blue
Josh Brolin,Flirting with Disaster
Josh Brolin,Bed of Roses
Josh Brolin,The Outer Limits
Sharon Duncan-Brewster,The Nathan Caton Show
Sharon Duncan-Brewster,Doctors
Sharon Duncan-Brewster,Coming Up
Sharon Duncan-Brewster,Shoot the Messenger
Sharon Duncan-Brewster,Waking the Dead
Sharon Duncan-Brewster,Imagine Me & You
Sharon Duncan-Brewster,Babyfather
Sharon Duncan-Brewster,Bad Girls
Sharon Duncan-Brewster,Love Is Not Enough
Sharon Duncan-Brewster,Casualty
Josh Brolin,The Road Killers
Josh Brolin,Winnetka Road
Josh Brolin,The Young Riders
Josh Brolin,Finish Line
Josh Brolin,Private Eye
Josh Brolin,21 Jump Street
Josh Brolin,Prison for Children
Josh Brolin,Highway to Heaven
Josh Brolin,Thrashin'
Josh Brolin,Cyndi Lauper: The Goonies 'R' Good Enough
Josh Brolin,Cyndi Lauper: The Goonies 'R' Good Enough (Part 2)
Josh Brolin,The Goonies
Sharon Duncan-Brewster,Maisie Raine
Sharon Duncan-Brewster,The Bill
Sharon Duncan-Brewster,Backup
Sharon Duncan-Brewster,TV Operas
Sharon Duncan-Brewster,Hope I Die Before I Get Old
Sharon Duncan-Brewster,Between the Lines
Sharon Duncan-Brewster,Grange Hill
Sharon Duncan-Brewster,Starting Out
Sharon Duncan-Brewster,2point4 Children
Oscar Isaac,Megalopolis
Oscar Isaac,Francis and the Godfather
Oscar Isaac,Metal Gear Solid
Oscar Isaac,Moon Knight
Oscar Isaac,Big Gold Brick
Oscar Isaac,The Addams Family 2
Oscar Isaac,Scenes from a Marriage
Oscar Isaac,Dune
Oscar Isaac,The Card Counter
Oscar Isaac,The Letter Room
Oscar Isaac,Star Wars: Episode IX - The Rise of Skywalker
Oscar Isaac,Star Wars: Rise of the Resistance
Oscar Isaac,The Addams Family
Oscar Isaac,Triple Frontier
Oscar Isaac,Star Wars Resistance
Oscar Isaac,Spider-Man: Into the Spider-Verse
Oscar Isaac,Life Itself
Oscar Isaac,At Eternity's Gate
Oscar Isaac,Operation Finale
Oscar Isaac,Annihilation
Oscar Isaac,Star Wars: Episode VIII - The Last Jedi
Oscar Isaac,Suburbicon
Oscar Isaac,The Promise
Oscar Isaac,Lego Star Wars: The Force Awakens
Oscar Isaac,Lightningface
Oscar Isaac,X-Men: Apocalypse
Oscar Isaac,Star Wars: Episode VII - The Force Awakens
Oscar Isaac,Show Me a Hero
Oscar Isaac,Disney Infinity 3.0
Oscar Isaac,Mojave
Oscar Isaac,Ex Machina
Oscar Isaac,A Most Violent Year
Oscar Isaac,Ticky Tacky
Oscar Isaac,The Two Faces of January
Oscar Isaac,Trentemøller: Gravity
Oscar Isaac,Making a Scene
Oscar Isaac,In Secret
Oscar Isaac,Inside Llewyn Davis
Oscar Isaac,Won't Back Down
Oscar Isaac,The Bourne Legacy
Oscar Isaac,Revenge for Jolly!
Oscar Isaac,Outlaws
Oscar Isaac,10 Years
Oscar Isaac,W.E.
Oscar Isaac,Drive
Oscar Isaac,Star Tours: The Adventures Continue
Oscar Isaac,Sucker Punch
Oscar Isaac,Robin Hood
Oscar Isaac,Balibo
Oscar Isaac,Agora
Oscar Isaac,Body of Lies
Oscar Isaac,Che: Part One
Oscar Isaac,The Life Before Her Eyes
Oscar Isaac,The Nativity Story
Oscar Isaac,Pu-239
Oscar Isaac,Law & Order: Criminal Intent
Oscar Isaac,Lenny the Wonder Dog
Oscar Isaac,All About the Benjamins
Oscar Isaac,Illtown
Stephen McKinley Henderson,Disappointment Blvd.
Stephen McKinley Henderson,"Red, White and Water"
Stephen McKinley Henderson,Wu-Tang: An American Saga
Stephen McKinley Henderson,Dune
Stephen McKinley Henderson,Actor Trade's Virtual Table Read Series
Stephen McKinley Henderson,The Accidental Wolf
Stephen McKinley Henderson,Bruised
Stephen McKinley Henderson,Devs
Stephen McKinley Henderson,Run
Stephen McKinley Henderson,The True Adventures of Wolfboy
Stephen McKinley Henderson,Proven Innocent
Stephen McKinley Henderson,Native Son
Stephen McKinley Henderson,Fear the Walking Dead
Stephen McKinley Henderson,Strangers
Stephen McKinley Henderson,The Blacklist
Stephen McKinley Henderson,The Resident
Stephen McKinley Henderson,Survivor's Remorse
Stephen McKinley Henderson,Lady Bird
Stephen McKinley Henderson,Fences
Stephen McKinley Henderson,All at Once
Stephen McKinley Henderson,The American Side
Stephen McKinley Henderson,Manchester by the Sea
Stephen McKinley Henderson,The Romans
Stephen McKinley Henderson,Da Sweet Blood of Jesus
Stephen McKinley Henderson,Elementary
Stephen McKinley Henderson,Lincoln
Stephen McKinley Henderson,The Newsroom
Stephen McKinley Henderson,Blue Bloods
Stephen McKinley Henderson,Red Hook Summer
Stephen McKinley Henderson,Extremely Loud & Incredibly Close
Stephen McKinley Henderson,Tower Heist
Stephen McKinley Henderson,Law & Order
Stephen McKinley Henderson,The Good Heart
Stephen McKinley Henderson,Blood Over a Broken Pawn
Stephen McKinley Henderson,Brotherhood
Stephen McKinley Henderson,If You Could Say It in Words
Stephen McKinley Henderson,Premature
Stephen McKinley Henderson,New Amsterdam
Stephen McKinley Henderson,Law & Order: Special Victims Unit
Stephen McKinley Henderson,Waltzing Anna
Stephen McKinley Henderson,Conviction
Stephen McKinley Henderson,Keane
Stephen McKinley Henderson,Everyday People
Stephen McKinley Henderson,Law & Order: Criminal Intent
Stephen McKinley Henderson,Third Watch
Stephen McKinley Henderson,New York News
Stephen McKinley Henderson,American Playhouse
Stephen McKinley Henderson,Marie
Stephen McKinley Henderson,A Pleasure Doing Business
Rebecca Ferguson,Wool
Rebecca Ferguson,Mission: Impossible 8
Rebecca Ferguson,Mission: Impossible 7
Rebecca Ferguson,Dune
Rebecca Ferguson,Reminiscence
Rebecca Ferguson,Doctor Sleep
Rebecca Ferguson,Cold Night
Rebecca Ferguson,Men in Black: International
Rebecca Ferguson,The Kid Who Would Be King
Rebecca Ferguson,Little Match Girl
Rebecca Ferguson,Mission: Impossible - Fallout
Rebecca Ferguson,The Greatest Showman
Stellan Skarsgård,Dune: Part Two
Rebecca Ferguson,The Snowman
Rebecca Ferguson,Life: Astronaut Diaries
Rebecca Ferguson,Life
Rebecca Ferguson,The Girl on the Train
Rebecca Ferguson,Florence Foster Jenkins
Rebecca Ferguson,Despite the Falling Snow
Rebecca Ferguson,Mission: Impossible - Rogue Nation
Rebecca Ferguson,The Red Tent
Rebecca Ferguson,Hercules
Rebecca Ferguson,The Vatican
Rebecca Ferguson,The White Queen
Rebecca Ferguson,Vi
Rebecca Ferguson,The Inspector and the Sea
Stellan Skarsgård,Andor
Stellan Skarsgård,Dune
Stellan Skarsgård,The Ape Star
Stellan Skarsgård,The Simpsons
Stellan Skarsgård,Last Words
Stellan Skarsgård,Hope
Stellan Skarsgård,The Painted Bird
Stellan Skarsgård,I'll Find You
Stellan Skarsgård,Chernobyl
Stellan Skarsgård,Out Stealing Horses
Stellan Skarsgård,The Breath's Deer
Stellan Skarsgård,Mamma Mia! Here We Go Again
Rebecca Ferguson,Irresistible
Rebecca Ferguson,A One-Way Trip to Antibes
Rebecca Ferguson,Puls
Rebecca Ferguson,Lennart
Rebecca Ferguson,Wallander
Rebecca Ferguson,Drowning Ghost
Rebecca Ferguson,Ocean Ave.
Rebecca Ferguson,Nya tider
Stellan Skarsgård,The Man Who Killed Don Quixote
Stellan Skarsgård,Gordon and Paddy
Stellan Skarsgård,Moomins and the Winter Wonderland
Stellan Skarsgård,Borg vs. McEnroe
Stellan Skarsgård,Return to Montauk
Stellan Skarsgård,Our Kind of Traitor
Stellan Skarsgård,River
Stellan Skarsgård,Avengers: Age of Ultron
Stellan Skarsgård,Cinderella
Stellan Skarsgård,Hector and the Search for Happiness
Stellan Skarsgård,In Order of Disappearance
Stellan Skarsgård,Nymphomaniac: Vol. I
Stellan Skarsgård,Nymphomaniac: Vol. II
Stellan Skarsgård,The Physician
Stellan Skarsgård,Thor: The Dark World
Stellan Skarsgård,Romeo and Juliet
Stellan Skarsgård,The Railway Man
Stellan Skarsgård,Red Brazil
Stellan Skarsgård,Small Cut and All Small Variegated
Stellan Skarsgård,Playhouse Presents
Stellan Skarsgård,The Avengers
Stellan Skarsgård,The Girl with the Dragon Tattoo
Stellan Skarsgård,Melancholia
Stellan Skarsgård,Lykke Li: Sadness is a Blessing
Stellan Skarsgård,Thor
Stellan Skarsgård,King of Devil's Island
Stellan Skarsgård,Dimension 1991-2024
Stellan Skarsgård,Moomins and the Comet Chase
Stellan Skarsgård,As If I Am Not There
Stellan Skarsgård,Frankie & Alice
Stellan Skarsgård,Arn
Stellan Skarsgård,A Somewhat Gentle Man
Stellan Skarsgård,Metropia
Stellan Skarsgård,Boogie Woogie
Stellan Skarsgård,Angels & Demons
Stellan Skarsgård,Entourage
Stellan Skarsgård,God on Trial
Stellan Skarsgård,Arn: The Kingdom at the End of the Road
Stellan Skarsgård,Mamma Mia!
Stellan Skarsgård,Arn: The Knight Templar
Stellan Skarsgård,The Killing Gene
Stellan Skarsgård,Pirates of the Caribbean: At World's End
Stellan Skarsgård,Pirates of the Caribbean: At World's End
Stellan Skarsgård,Guilty Hearts
Stellan Skarsgård,Goya's Ghosts
Stellan Skarsgård,Pirates of the Caribbean: Dead Man's Chest
Stellan Skarsgård,Kill Your Darlings
Stellan Skarsgård,Beowulf & Grendel
Stellan Skarsgård,Torte Bluma
Stellan Skarsgård,Dominion
Stellan Skarsgård,Exorcist: The Beginning
Stellan Skarsgård,King Arthur
Stellan Skarsgård,The Eiffel Tower
Stellan Skarsgård,Dogville
Stellan Skarsgård,Helen of Troy
Stellan Skarsgård,Att döda ett barn
Stellan Skarsgård,City of Ghosts
Stellan Skarsgård,No Good Deed
Stellan Skarsgård,D-Day: The Finished Film
Stellan Skarsgård,The Glass House
Stellan Skarsgård,Taking Sides
Stellan Skarsgård,Kiss Kiss Bang Bang
Stellan Skarsgård,Powder Keg
Stellan Skarsgård,Aberdeen
Stellan Skarsgård,Harlan County War
Stellan Skarsgård,Dancer in the Dark
Stellan Skarsgård,Timecode
Stellan Skarsgård,Signs & Wonders
Stellan Skarsgård,Passion of Mind
Stellan Skarsgård,D-Day
Stellan Skarsgård,D-Day: Lise
Stellan Skarsgård,Deep Blue Sea
Stellan Skarsgård,Ronin
Stellan Skarsgård,Savior
Stellan Skarsgård,The Glassblower's Children
Stellan Skarsgård,Amistad
Stellan Skarsgård,Good Will Hunting
Stellan Skarsgård,The Kingdom
Stellan Skarsgård,My Son the Fanatic
Stellan Skarsgård,Insomnia
Stellan Skarsgård,Breaking the Waves
Stellan Skarsgård,Harry and Sonja
Stellan Skarsgård,The Hounds of Riga
Stellan Skarsgård,Zero Kelvin
Stellan Skarsgård,The Jonsson Gang's Greatest Robbery
Stellan Skarsgård,Rapport till himlen
Stellan Skarsgård,Last Dance
Stellan Skarsgård,Murder at the Savoy
Stellan Skarsgård,The Slingshot
Stellan Skarsgård,Wind
Stellan Skarsgård,The Democratic Terrorist
Stellan Skarsgård,The Ox
Stellan Skarsgård,"Good Evening, Mr. Wallenberg"
Stellan Skarsgård,Parker Kane
Stellan Skarsgård,The Hunt for Red October
Stellan Skarsgård,S*M*A*S*H
Stellan Skarsgård,The Interrogation
Stellan Skarsgård,The Women on the Roof
Stellan Skarsgård,The Wild Duck
Stellan Skarsgård,Codename Coq Rouge
Stellan Skarsgård,S/Y Joy
Stellan Skarsgård,Familjen Schedblad
Stellan Skarsgård,The Perfect Murder
Stellan Skarsgård,Friends
Stellan Skarsgård,The Time of the Wolf
Stellan Skarsgård,The Unbearable Lightness of Being
Stellan Skarsgård,Hip Hip Hurrah!
Stellan Skarsgård,Jim & Piraterna Blom
Stellan Skarsgård,The Serpent's Way
Stellan Skarsgård,Peter-No-Tail in America
Stellan Skarsgård,False as Water
Stellan Skarsgård,August Strindberg: Ett liv
Stellan Skarsgård,American Playhouse
Stellan Skarsgård,Hamlet
Stellan Skarsgård,Ake and His World
Stellan Skarsgård,Hustruskolan
Stellan Skarsgård,P & B
Stellan Skarsgård,Farmor och vår herre
Stellan Skarsgård,The Simple-Minded Murderer
Stellan Skarsgård,Kyssen
Stellan Skarsgård,There Is No Need to Worry
Stellan Skarsgård,Skärp dig älskling
Stellan Skarsgård,Babels hus
Stellan Skarsgård,Home to the Night
Stellan Skarsgård,Taboo
Stellan Skarsgård,Kalkonen
Stellan Skarsgård,Hungry Young Women
Stellan Skarsgård,Åttonde budet
Stellan Skarsgård,Anita
Stellan Skarsgård,The Wedding
Stellan Skarsgård,Five Days in August
Stellan Skarsgård,Magnetis
Stellan Skarsgård,Company Party
Stellan Skarsgård,Strandhugg i somras
Stellan Skarsgård,Den byxlöse äventyraren
Stellan Skarsgård,Bombi Bitt och jag
Jason Momoa,Cliffhanger
Jason Momoa,Aquaman and the Lost Kingdom
Jason Momoa,Slumberland
Jason Momoa,The Last Manhunt
Jason Momoa,See
Jason Momoa,Dune
Jason Momoa,Sweet Girl
Jason Momoa,Zack Snyder's Justice League
Jason Momoa,The Simpsons
Jason Momoa,The Lego Movie 2: The Second Part
Jason Momoa,Aquaman
Jason Momoa,Frontier
Jason Momoa,Braven
Jason Momoa,Justice League
Jason Momoa,Once Upon a Time in Venice
Jason Momoa,Sugar Mountain
Jason Momoa,The Bad Batch
Jason Momoa,Batman v Superman: Dawn of Justice
Jason Momoa,Drunk History
Jason Momoa,Michael Raymond-James for BulliesKeepOut.com
Jason Momoa,The Red Road
Jason Momoa,Debug
Jason Momoa,Wolves
Jason Momoa,Road to Paloma
Jason Momoa,Bullet to the Head
Jason Momoa,Game of Thrones
Jason Momoa,Conan the Barbarian
Jason Momoa,Brown Bag Diaries: Ridin' the Blinds in B Minor
Jason Momoa,The Game
Jason Momoa,Stargate: Atlantis
Jason Momoa,Pipeline
Jason Momoa,North Shore
Jason Momoa,Johnson Family Vacation
Jason Momoa,Tempted
Jason Momoa,Baywatch: Hawaiian Wedding
Jason Momoa,Baywatch
